#Dnipro;ukraine;west;;;;;;;;
#Coachella2022;music_and_art;entertainment;;;;;;;;
#green;environment;environment;;;;;;;;
#Netflix;internet;entertainment;;;;;;;;
#LA;america;west;;;;;;;;
#StandWithUkraine;ukraine;west;;;;;;;;
#Rigby;celebrity;celebrity;;;;;;;;
#clarksonsfarm;tv_program;entertainment;;;;;;;;
#Dulwich;england;west;;;;;;;;
#Formula1;sport;sport;;;;;;;;
#NajibMikati;politician;news_politics;;;;;;;;
#socialcare;society;culture;;;;;;;;
#CostOfLivingCrisis;society;culture;;;;;;;;
#VladimirPutin;politician;news_politics;;;;;;;;
#surfing;sport;sport;;;;;;;;
#Energodar;ukraine;west;;;;;;;;
#EscapeToTheChateau;tv_program;entertainment;;;;;;;;
#Wordle281;entertainment;entertainment;;;;;;;;
#Sheppey;england;west;;;;;;;;
#PS5restock;games;entertainment;;;;;;;;
#QueenElizabeth;england;west;;;;;;;;
#Kharkiv;ukraine;west;;;;;;;;
#fridayvibes;society;culture;;;;;;;;
#BBCALBA;news_outlets;news_politics;;;;;;;;
#IBioIC22;science_and_technology;sci_tech;;;;;;;;
#Olympics;sport;sport;;;;;;;;
#Switzerland;europe;west;;;;;;;;
#Baltic;nature;outside;;;;;;;;
#A5;science_and_technology;sci_tech;;;;;;;;
#Palestine;middle_east;east;;;;;;;;
#beer;entertainment;entertainment;;;;;;;;
#photooftheday;entertainment;entertainment;;;;;;;;
#RussiaUkraineConflict;ukraine;west;;;;;;;;
#Brussels;europe;west;;;;;;;;
#Australia;australia;east;;;;;;;;
#Easter;festival;outside;;;;;;;;
#StandingWithUkraine;ukraine;west;;;;;;;;
#Facebook;internet;entertainment;;;;;;;;
#WordleHint;entertainment;entertainment;;;;;;;;
#supplementation;society;culture;;;;;;;;
#sixthform;education;news_politics;;;;;;;;
#Wordle294;entertainment;entertainment;;;;;;;;
#EarthDay2022;environment;environment;;;;;;;;
#MothersDay;society;culture;;;;;;;;
#Putin;politician;news_politics;;;;;;;;
#LongIslandMedium;tv_program;entertainment;;;;;;;;
#WorldBookDay;society;culture;;;;;;;;
#covid;pandemic;health;;;;;;;;
#InsulateBritain;england;west;;;;;;;;
#StPetersburg;russia;east;;;;;;;;
#Newbury;england;west;;;;;;;;
#Zhytomyr;ukraine;west;;;;;;;;
#Diet;sport;sport;;;;;;;;
#WeAreBack;music_and_art;entertainment;;;;;;;;
#KateMiddleton;england;west;;;;;;;;
#ItTakesTwo;games;entertainment;;;;;;;;
#NetZero;internet;entertainment;;;;;;;;
#WillAndChris;tv_program;entertainment;;;;;;;;
#scotpapers;england;west;;;;;;;;
#Lukashenko;politician;news_politics;;;;;;;;
#Preston;internet;entertainment;;;;;;;;
#AllOutPolitics;tv_program;entertainment;;;;;;;;
#TopGear;tv_program;entertainment;;;;;;;;
#SEALTeam;tv_program;entertainment;;;;;;;;
#Kherson;ukraine;west;;;;;;;;
#APlaceIntheSun;tv_program;entertainment;;;;;;;;
#SouthwarkSoapBox;news_outlets;news_politics;;;;;;;;
#school;education;news_politics;;;;;;;;
#StormEunice;nature;outside;;;;;;;;
#HomeforWhovians;tv_program;entertainment;;;;;;;;
#PlanetNormal;news_outlets;news_politics;;;;;;;;
#Dnipropetrovsk;ukraine;west;;;;;;;;
#InterBologna;sport;sport;;;;;;;;
#educatingYorkshire;tv_program;entertainment;;;;;;;;
#Droylsden;sport;sport;;;;;;;;
#CoppaItaliaFrecciarossa;sport;sport;;;;;;;;
#NorthantsHour;news_outlets;news_politics;;;;;;;;
#military;military;conflict;;;;;;;;
#Royalfamily;celebrity;celebrity;;;;;;;;
#Egypt;middle_east;east;;;;;;;;
#Lucifer;tv_program;entertainment;;;;;;;;
#UkraineRussiaConflict;ukraine;west;;;;;;;;
#MilanInter;sport;sport;;;;;;;;
#Russianinvasion;ukraine;west;;;;;;;;
#LoveMilano;tv_program;entertainment;;;;;;;;
#FIFA22;sport;sport;;;;;;;;
#bringyourAgame;games;entertainment;;;;;;;;
#Perisic;sport;sport;;;;;;;;
#Lebanese;middle_east;east;;;;;;;;
#PuppyDogPals;tv_program;entertainment;;;;;;;;
#Eternals;film;entertainment;;;;;;;;
#Tajikistan;middle_east;east;;;;;;;;
#ClassicSciFiWeekend;news_outlets;news_politics;;;;;;;;
#43YearsStrong;music_and_art;entertainment;;;;;;;;
#Ukrainian;ukraine;west;;;;;;;;
#BakeOff;tv_program;entertainment;;;;;;;;
#energyprices;energy;sport;;;;;;;;
#Climate;nature;outside;;;;;;;;
#Ashford;england;west;;;;;;;;
#Style;life;health;;;;;;;;
#TriggerPoint;tv_program;entertainment;;;;;;;;
#TunbridgeWells;england;west;;;;;;;;
#Newspaper;news_outlets;news_politics;;;;;;;;
#Derbyshire;england;west;;;;;;;;
#EssexKnifeCrime;crime;conflict;;;;;;;;
#OlafScholz;politician;news_politics;;;;;;;;
#PrinceAndrew;celebrity;celebrity;;;;;;;;
#WestSideStory;film;entertainment;;;;;;;;
#WorldMentalHealthDay;health;health;;;;;;;;
#LawAndOrderSVU;tv_program;entertainment;;;;;;;;
#WinterOlympics2022;sport;sport;;;;;;;;
#DadsArmy;film;entertainment;;;;;;;;
#theoneshow;tv_program;entertainment;;;;;;;;
#SWNT;sport;sport;;;;;;;;
#Elections;politician;news_politics;;;;;;;;
#InterUdinese;sport;sport;;;;;;;;
#goodmorningbritain;england;west;;;;;;;;
#Theatre;music_and_art;entertainment;;;;;;;;
#Competition;society;culture;;;;;;;;
#Spotify;music_and_art;entertainment;;;;;;;;
#TheCrown;tv_program;entertainment;;;;;;;;
#squidgamenetflix;tv_program;entertainment;;;;;;;;
#TheTourist;travel;outside;;;;;;;;
#Hijab;middle_east;east;;;;;;;;
#thelastkingdom;tv_program;entertainment;;;;;;;;
#TorinoInter;sport;sport;;;;;;;;
#JanetJacksonDoc;tv_program;entertainment;;;;;;;;
#TOTW;sport;sport;;;;;;;;
#Moscow;russia;east;;;;;;;;
#documentary;internet;entertainment;;;;;;;;
#ethicalfinance;society;culture;;;;;;;;
#lorraine;europe;west;;;;;;;;
#christmas;festival;outside;;;;;;;;
#BridgeBuilders;internet;entertainment;;;;;;;;
#Greece;europe;west;;;;;;;;
#employeehealth;work;work;;;;;;;;
#jazz;music_and_art;entertainment;;;;;;;;
#Serbia;europe;west;;;;;;;;
#Eyewitness;film;entertainment;;;;;;;;
#agriculture;science_and_technology;sci_tech;;;;;;;;
#FIFA;sport;sport;;;;;;;;
#aplaceinthesun;tv_program;entertainment;;;;;;;;
#Lab21;society;culture;;;;;;;;
#ValentinesDay;festival;outside;;;;;;;;
#TheQueen;england;west;;;;;;;;
#matteobocelli;celebrity;celebrity;;;;;;;;
#BetterCallSaul;tv_program;entertainment;;;;;;;;
#KillTheBill;film;entertainment;;;;;;;;
#War;military;conflict;;;;;;;;
#G7;politician;news_politics;;;;;;;;
#TheLawyerHot100;law;conflict;;;;;;;;
#University;education;news_politics;;;;;;;;
#cruise;travel;outside;;;;;;;;
#Wealden;england;west;;;;;;;;
#Astroworld;music_and_art;entertainment;;;;;;;;
#Emmerdale;tv_program;entertainment;;;;;;;;
#PrideofBritain;england;west;;;;;;;;
#PlatinumJubilee;england;west;;;;;;;;
#UkraineWillResist;ukraine;west;;;;;;;;
#Tunisie;sport;sport;;;;;;;;
#FACup;sport;sport;;;;;;;;
#humanitarian;society;culture;;;;;;;;
#WomensDay;festival;outside;;;;;;;;
#legal;law;conflict;;;;;;;;
#Countdown;film;entertainment;;;;;;;;
#energy;energy;sport;;;;;;;;
#NorthKorea;asia;east;;;;;;;;
#NATO;military;conflict;;;;;;;;
#UFC;sport;sport;;;;;;;;
#InterSalernitana;sport;sport;;;;;;;;
#ESStories;entertainment;entertainment;;;;;;;;
#TheChickenSquad;tv_program;entertainment;;;;;;;;
#Italy;europe;west;;;;;;;;
#Hollywood;entertainment;entertainment;;;;;;;;
#MiltonKeynes;england;west;;;;;;;;
#Eid;middle_east;east;;;;;;;;
#awards;sport;sport;;;;;;;;
#renewableenergy;energy;sport;;;;;;;;
#AllCreaturesPBS;tv_program;entertainment;;;;;;;;
#Daventry;england;west;;;;;;;;
#HarryPotter;film;entertainment;;;;;;;;
#CovidVaccine;pandemic;health;;;;;;;;
#LabourConference21;work;work;;;;;;;;
#LegalInnovationAwards;law;conflict;;;;;;;;
#Travel;travel;outside;;;;;;;;
#radio;news_outlets;news_politics;;;;;;;;
#gmb;news_outlets;news_politics;;;;;;;;
#GBNews;news_outlets;news_politics;;;;;;;;
#Pakistan;middle_east;east;;;;;;;;
#energycrisis;energy;sport;;;;;;;;
#QudsDay;middle_east;east;;;;;;;;
#gas;energy;sport;;;;;;;;
#YearOfTheTiger;china;east;;;;;;;;
#Russian_Ukrainian_War;military;conflict;;;;;;;;
#GhislaineMaxwell;celebrity;celebrity;;;;;;;;
#Thesixthland;film;entertainment;;;;;;;;
#weekend;work;work;;;;;;;;
#GabbyPetito;celebrity;celebrity;;;;;;;;
#indyref2;england;west;;;;;;;;
#SMEXPO;commerce;work;;;;;;;;
#elections;politician;news_politics;;;;;;;;
#charity;charity;celebrity;;;;;;;;
#Orthodox;russia;east;;;;;;;;
#Instagram;internet;entertainment;;;;;;;;
#Apple;internet;entertainment;;;;;;;;
#Ulverston;england;west;;;;;;;;
#MaskedSinger;tv_program;entertainment;;;;;;;;
#kateandkoji;entertainment;entertainment;;;;;;;;
#thelarkins;tv_program;entertainment;;;;;;;;
#Brumwish;charity;celebrity;;;;;;;;
#ukraine;ukraine;west;;;;;;;;
#CallTheMidwife;tv_program;entertainment;;;;;;;;
#Mariupol;ukraine;west;;;;;;;;
#prideofbritain;england;west;;;;;;;;
#RebuildBritain;england;west;;;;;;;;
#FairfieldHearing;health;health;;;;;;;;
#law;law;conflict;;;;;;;;
#Flying;sport;sport;;;;;;;;
#winter;nature;outside;;;;;;;;
#InterXmas;entertainment;entertainment;;;;;;;;
#LineofDuty;tv_program;entertainment;;;;;;;;
#cleaning;health;health;;;;;;;;
#AE22;unknown;unknown;;;;;;;;
#bitcoin;internet;entertainment;;;;;;;;
#football;sport;sport;;;;;;;;
#InternetOfThings;science_and_technology;sci_tech;;;;;;;;
#UPDATE;news_outlets;news_politics;;;;;;;;
#cute;unknown;unknown;;;;;;;;
#AicoInTheCommunity;charity;celebrity;;;;;;;;
#ChampionsLeague;sport;sport;;;;;;;;
#quranverses;middle_east;east;;;;;;;;
#BestOfScotland;england;west;;;;;;;;
#housing;society;culture;;;;;;;;
#TodayOnTes;news_outlets;news_politics;;;;;;;;
#soul;society;culture;;;;;;;;
#thread;unknown;unknown;;;;;;;;
#TechScienceDaily;science_and_technology;sci_tech;;;;;;;;
#BuyAPaper;news_outlets;news_politics;;;;;;;;
#InsidePolitics;politician;news_politics;;;;;;;;
#Hawkeye;tv_program;entertainment;;;;;;;;
#FreezeTheFear;tv_program;entertainment;;;;;;;;
#Fasting;middle_east;east;;;;;;;;
#ThereWithUkraine;ukraine;west;;;;;;;;
#SampdoriaInter;sport;sport;;;;;;;;
#farmingcareers;work;work;;;;;;;;
#diabetes;health;health;;;;;;;;
#VIDEO;entertainment;entertainment;;;;;;;;
#BritishLegalAwards;law;conflict;;;;;;;;
#orchestra;music_and_art;entertainment;;;;;;;;
#BritainsGotTalent;tv_program;entertainment;;;;;;;;
#TheApprentice;tv_program;entertainment;;;;;;;;
#diversity;society;culture;;;;;;;;
#coops;unknown;unknown;;;;;;;;
#holidayhome;travel;outside;;;;;;;;
#tfl;england;west;;;;;;;;
#BREAKING;news_outlets;news_politics;;;;;;;;
#Cop26;environment;environment;;;;;;;;
#callthemidwife;tv_program;entertainment;;;;;;;;
#M25;england;west;;;;;;;;
#Skriniar;sport;sport;;;;;;;;
#OmicronVariant;pandemic;health;;;;;;;;
#UKNews;news_outlets;news_politics;;;;;;;;
#AFC;sport;sport;;;;;;;;
#HS2;work;work;;;;;;;;
#UN;politician;news_politics;;;;;;;;
#Zaporizhzhia;ukraine;west;;;;;;;;
#countdown;film;entertainment;;;;;;;;
#Kickstart;internet;entertainment;;;;;;;;
#support;society;culture;;;;;;;;
#climateni;environment;environment;;;;;;;;
#beauty;life;health;;;;;;;;
#freewill;law;conflict;;;;;;;;
#Charity;charity;celebrity;;;;;;;;
#OpEd;news_outlets;news_politics;;;;;;;;
#Countryfile;tv_program;entertainment;;;;;;;;
#neweconomy;news_outlets;news_politics;;;;;;;;
#Minsk;russia;east;;;;;;;;
#ArmisticeDay;military;conflict;;;;;;;;
#Oscars2022;film;entertainment;;;;;;;;
#Taskmaster;games;entertainment;;;;;;;;
#EarthDay;environment;environment;;;;;;;;
#MeToo;society;culture;;;;;;;;
#partygate;politician;news_politics;;;;;;;;
#YouTube;internet;entertainment;;;;;;;;
#piersuncensored;tv_program;entertainment;;;;;;;;
#InterNapoli;sport;sport;;;;;;;;
#ps5stock;games;entertainment;;;;;;;;
#COP26;environment;environment;;;;;;;;
#Towcester;england;west;;;;;;;;
#Reminder;life;health;;;;;;;;
#SellingSunset;tv_program;entertainment;;;;;;;;
#Czech;europe;west;;;;;;;;
#TheGirlBefore;tv_program;entertainment;;;;;;;;
#Wordle306;entertainment;entertainment;;;;;;;;
#houseofgames;tv_program;entertainment;;;;;;;;
#economy;economy;work;;;;;;;;
#competitiontime;entertainment;entertainment;;;;;;;;
#NorthernIreland;england;west;;;;;;;;
#Pompey;celebrity;celebrity;;;;;;;;
#Venezia78;entertainment;entertainment;;;;;;;;
#dannimenzies;celebrity;celebrity;;;;;;;;
#Lithuanian;europe;west;;;;;;;;
#SarahEverard;crime;conflict;;;;;;;;
#migration;migration;culture;;;;;;;;
#Severodonetsk;ukraine;west;;;;;;;;
#RyderCup;sport;sport;;;;;;;;
#AsOne;entertainment;entertainment;;;;;;;;
#InterLazio;sport;sport;;;;;;;;
#SouthKorea;asia;east;;;;;;;;
#Istanbul;middle_east;east;;;;;;;;
#hijab;middle_east;east;;;;;;;;
#Fortnite;games;entertainment;;;;;;;;
#Izyum;ukraine;west;;;;;;;;
#Gardening;life;health;;;;;;;;
#WordleDailyHints;entertainment;entertainment;;;;;;;;
#fuel;energy;sport;;;;;;;;
#ukweather;england;west;;;;;;;;
#MAFSAustralia;tv_program;entertainment;;;;;;;;
#HumanRights;society;culture;;;;;;;;
#Islam;middle_east;east;;;;;;;;
#FORZAINTER;sport;sport;;;;;;;;
#GRAMMYs;music_and_art;entertainment;;;;;;;;
#covidpressconference;pandemic;health;;;;;;;;
#JoeBiden;politician;news_politics;;;;;;;;
#Kazakhstan;middle_east;east;;;;;;;;
#saudigreeninitiative;middle_east;east;;;;;;;;
#Wordle311;entertainment;entertainment;;;;;;;;
#Food;life;health;;;;;;;;
#WarinUkraine;ukraine;west;;;;;;;;
#TheStageAwards;music_and_art;entertainment;;;;;;;;
#MarvelStudios;film;entertainment;;;;;;;;
#UnitedNations;politician;news_politics;;;;;;;;
#Russian;russia;east;;;;;;;;
#BBCBreakfast;news_outlets;news_politics;;;;;;;;
#dog;life;health;;;;;;;;
#HollingtonDrive;tv_program;entertainment;;;;;;;;
#SaudiArabia;middle_east;east;;;;;;;;
#PeakDistrict;travel;outside;;;;;;;;
#DragonsDen;tv_program;entertainment;;;;;;;;
#granddesigns;tv_program;entertainment;;;;;;;;
#TheLostCity;film;entertainment;;;;;;;;
#journalismjobs;news_outlets;news_politics;;;;;;;;
#US;america;west;;;;;;;;
#LatinAmerica;america;west;;;;;;;;
#SpiderMan;film;entertainment;;;;;;;;
#themasters;entertainment;entertainment;;;;;;;;
#UnitedWithUkraine;ukraine;west;;;;;;;;
#hiphop;music_and_art;entertainment;;;;;;;;
#PeakyBlinders;tv_program;entertainment;;;;;;;;
#Camilla;celebrity;celebrity;;;;;;;;
#ReturnToHogwarts;film;entertainment;;;;;;;;
#Tenterden;england;west;;;;;;;;
#streetfood;life;health;;;;;;;;
#houseplants;life;health;;;;;;;;
#Warrington;england;west;;;;;;;;
#achizitii;unknown;unknown;;;;;;;;
#BritneySpears;celebrity;celebrity;;;;;;;;
#IranDailyOnline;middle_east;east;;;;;;;;
#Sponsored;commerce;work;;;;;;;;
#ConcertForUkraine;ukraine;west;;;;;;;;
#highereducation;education;news_politics;;;;;;;;
#StandWithUkraine️;ukraine;west;;;;;;;;
#wellbeing;life;health;;;;;;;;
#Wordle285;entertainment;entertainment;;;;;;;;
#education;education;news_politics;;;;;;;;
#BCT;internet;entertainment;;;;;;;;
#ccawards;commerce;work;;;;;;;;
#MoonKnight;tv_program;entertainment;;;;;;;;
#ChapelenleFrith;england;west;;;;;;;;
#JohnnyDeppVsAmberHeard;celebrity;celebrity;;;;;;;;
#questiontime;entertainment;entertainment;;;;;;;;
#TheLongCall;education;news_politics;;;;;;;;
#localelections;politician;news_politics;;;;;;;;
#Palestinian;middle_east;east;;;;;;;;
#InterSpezia;sport;sport;;;;;;;;
#Bitcoin;internet;entertainment;;;;;;;;
#BigBrother;tv_program;entertainment;;;;;;;;
#regatta;sport;sport;;;;;;;;
#Exclusive;unknown;unknown;;;;;;;;
#WorldMenopauseDay;health;health;;;;;;;;
#EuropeanUnion;europe;west;;;;;;;;
#Tories;politician;news_politics;;;;;;;;
#Outlander;tv_program;entertainment;;;;;;;;
#internet;internet;entertainment;;;;;;;;
#SAFC;sport;sport;;;;;;;;
#Chernihiv;ukraine;west;;;;;;;;
#Grants;society;culture;;;;;;;;
#otd;economy;work;;;;;;;;
#WorkersRights;work;work;;;;;;;;
#Oscars;film;entertainment;;;;;;;;
#Earth;environment;environment;;;;;;;;
#Tameside;england;west;;;;;;;;
#HarryStyles;celebrity;celebrity;;;;;;;;
#FuryWhyte;sport;sport;;;;;;;;
#women;sport;sport;;;;;;;;
#Migrants;migration;culture;;;;;;;;
#Cardiff;england;west;;;;;;;;
#AFPGraphics;internet;entertainment;;;;;;;;
#SuccessionHBO;tv_program;entertainment;;;;;;;;
#science;science_and_technology;sci_tech;;;;;;;;
#AndJustLikeThat;tv_program;entertainment;;;;;;;;
#house;life;health;;;;;;;;
#thechase;tv_program;entertainment;;;;;;;;
#EmmaRaducanu;celebrity;celebrity;;;;;;;;
#islam;middle_east;east;;;;;;;;
#DeathInParadise;tv_program;entertainment;;;;;;;;
#russia;russia;east;;;;;;;;
#government;politician;news_politics;;;;;;;;
#queen;celebrity;celebrity;;;;;;;;
#PremierLeague;sport;sport;;;;;;;;
#LFC;sport;sport;;;;;;;;
#Covid_19;pandemic;health;;;;;;;;
#Granturi;society;culture;;;;;;;;
#TV;entertainment;entertainment;;;;;;;;
#muslimah;middle_east;east;;;;;;;;
#MichelAoun;politician;news_politics;;;;;;;;
#AFPSports;sport;sport;;;;;;;;
#Afghan;middle_east;east;;;;;;;;
#Yorkshire;life;health;;;;;;;;
#NUFC;sport;sport;;;;;;;;
#WW2;military;conflict;;;;;;;;
#IAmJazz;tv_program;entertainment;;;;;;;;
#highstreet;life;health;;;;;;;;
#RussiaUkraine;military;conflict;;;;;;;;
#Beijing;china;east;;;;;;;;
#Denton;law;conflict;;;;;;;;
#AnAudienceWithAdele;film;entertainment;;;;;;;;
#PancakeDay;life;health;;;;;;;;
#Henley;england;west;;;;;;;;
#MAFSAU;tv_program;entertainment;;;;;;;;
#TTGAussieFest;travel;outside;;;;;;;;
#BlackFriday;festival;outside;;;;;;;;
#lift_immunities;law;conflict;;;;;;;;
#giveaway;society;culture;;;;;;;;
#onthisday;life;health;;;;;;;;
#punkadeka;music_and_art;entertainment;;;;;;;;
#TomHardy;celebrity;celebrity;;;;;;;;
#CheltenhamFestival;charity;celebrity;;;;;;;;
#Kiev;russia;east;;;;;;;;
#5USA;news_outlets;news_politics;;;;;;;;
#SpringStatement;economy;work;;;;;;;;
#StormFranklin;nature;outside;;;;;;;;
#Warsaw;europe;west;;;;;;;;
#OneHealth;science_and_technology;sci_tech;;;;;;;;
#Endeavour;tv_program;entertainment;;;;;;;;
#climatechange;environment;environment;;;;;;;;
#WorldAhead;education;news_politics;;;;;;;;
#SheCan;society;culture;;;;;;;;
#3abn;news_outlets;news_politics;;;;;;;;
#Zelenskyy;politician;news_politics;;;;;;;;
#tax;economy;work;;;;;;;;
#FiorentinaInter;sport;sport;;;;;;;;
#Romford;england;west;;;;;;;;
#polo;sport;sport;;;;;;;;
#BigIdeasLive;work;work;;;;;;;;
#UnitedStates;america;west;;;;;;;;
#Aviation;science_and_technology;sci_tech;;;;;;;;
#ConservativePartyConference;politician;news_politics;;;;;;;;
#nccc;science_and_technology;sci_tech;;;;;;;;
#NCISHawaii;tv_program;entertainment;;;;;;;;
#TVP;news_outlets;news_politics;;;;;;;;
#media;news_outlets;news_politics;;;;;;;;
#wildlife;nature;outside;;;;;;;;
#LoveLocalDay;society;culture;;;;;;;;
#Windermere;america;west;;;;;;;;
#ESComment;unknown;unknown;;;;;;;;
#TheSplit;tv_program;entertainment;;;;;;;;
#ecfc;sport;sport;;;;;;;;
#AirQuality;environment;environment;;;;;;;;
#TheYorkshireVet;tv_program;entertainment;;;;;;;;
#SWFC;sport;sport;;;;;;;;
#SaturdayNightTakeaway;tv_program;entertainment;;;;;;;;
#punk;music_and_art;entertainment;;;;;;;;
#DowningStreetParties;politician;news_politics;;;;;;;;
#Donate;charity;celebrity;;;;;;;;
#InterSassuolo;sport;sport;;;;;;;;
#InternationalWomensDay;festival;outside;;;;;;;;
#cancer;health;health;;;;;;;;
#Beijing2022;china;east;;;;;;;;
#Snowboard;sport;sport;;;;;;;;
#BBCQT;news_outlets;news_politics;;;;;;;;
#vegan;health;health;;;;;;;;
#Marvel;film;entertainment;;;;;;;;
#BelowDeck;tv_program;entertainment;;;;;;;;
#Nintendo;games;entertainment;;;;;;;;
#GenoaInter;sport;sport;;;;;;;;
#UTVDebate;work;work;;;;;;;;
#ESG;environment;environment;;;;;;;;
#Transnistria;unknown;unknown;;;;;;;;
#TheRedHouse;film;entertainment;;;;;;;;
#Ennahdha;politician;news_politics;;;;;;;;
#InterFiorentina;sport;sport;;;;;;;;
#Estonia;europe;west;;;;;;;;
#TheLawyerHorizon;law;conflict;;;;;;;;
#Hogmanay;festival;outside;;;;;;;;
#September11;society;culture;;;;;;;;
#LabourConference2021;work;work;;;;;;;;
#WarCrimes;military;conflict;;;;;;;;
#LetMyPeopleGo;ukraine;west;;;;;;;;
#sport;sport;sport;;;;;;;;
#BreakTheBias;society;culture;;;;;;;;
#UniversityChallenge;awards_competition;celebrity;;;;;;;;
#EmmanuelMacron;politics;news_politics;;;;;;;;
#ClimateEmergency;climate;environment;;;;;;;;
#tech;sci_tech;sci_tech;;;;;;;;
#RIPArthur;news;news_politics;;;;;;;;
#UkraineUnderAttack;ukraine;west;;;;;;;;
#DailyQuordle;gaming;entertainment;;;;;;;;
#LGBTQ;society;culture;;;;;;;;
#Beijing2022WinterOlympics;sports;sport;;;;;;;;
#Boro;football;sport;;;;;;;;
#StarTrek;tv_cinema;entertainment;;;;;;;;
#Refugees;middle_east;east;;;;;;;;
#MAFSUK;tv_cinema;entertainment;;;;;;;;
#DoctorWhoFlux;tv_cinema;entertainment;;;;;;;;
#StoryCast21;music_radio;entertainment;;;;;;;;
#soldiers;politics;news_politics;;;;;;;;
#Lavrov;ukraine;west;;;;;;;;
#DailyWordleHints;gaming;entertainment;;;;;;;;
#Glasgow;local_news;news_politics;;;;;;;;
#China;politics;news_politics;;;;;;;;
#Appeal;middle_east;east;;;;;;;;
#Vod;tv_cinema;entertainment;;;;;;;;
#January6;politics;news_politics;;;;;;;;
#CorporateFinance;finance_work;work;;;;;;;;
#Remembrance;society;culture;;;;;;;;
#BrianLaundrie;news;news_politics;;;;;;;;
#OnThisDay;society;culture;;;;;;;;
#Wordle286;gaming;entertainment;;;;;;;;
#Starstruck;tv_cinema;entertainment;;;;;;;;
#BAFTA;tv_cinema;entertainment;;;;;;;;
#RoyalRoundUp;society;culture;;;;;;;;
#MarriedatfirstsightAustralia;tv_cinema;entertainment;;;;;;;;
#evax;covid;health;;;;;;;;
#design;religion;culture;;;;;;;;
#BristolUnpacked;local_news;news_politics;;;;;;;;
#alba360;sports;sport;;;;;;;;
#avgeek;sci_tech;sci_tech;;;;;;;;
#FoodRecall;lifestyle;health;;;;;;;;
#TheGildedAge;tv_cinema;entertainment;;;;;;;;
#history;society;culture;;;;;;;;
#British;politics;news_politics;;;;;;;;
#PiersUncensored;tv_cinema;entertainment;;;;;;;;
#StarWars;tv_cinema;entertainment;;;;;;;;
#Iran;middle_east;east;;;;;;;;
#JuliaBradburybreastcancerandme;news;news_politics;;;;;;;;
#Nottingham;society;culture;;;;;;;;
#LIVE;ukraine;west;;;;;;;;
#BusinessArena;finance_work;work;;;;;;;;
#STEM;sci_tech;sci_tech;;;;;;;;
#Diwali;religion;culture;;;;;;;;
#royal;society;culture;;;;;;;;
#NewsIsFreeOnTTG;news;news_politics;;;;;;;;
#Ashes;sports;sport;;;;;;;;
#NintendoDirect;gaming;entertainment;;;;;;;;
#garden;lifestyle;health;;;;;;;;
#SoccerAid;football;sport;;;;;;;;
#gardenroom;lifestyle;health;;;;;;;;
#EasyOnMe;music_radio;entertainment;;;;;;;;
#dawah;religion;culture;;;;;;;;
#SundayBrunch;tv_cinema;entertainment;;;;;;;;
#StormBarra;news;news_politics;;;;;;;;
#nuclear;politics;news_politics;;;;;;;;
#Donbass;ukraine;west;;;;;;;;
#Finnish;local_news;news_politics;;;;;;;;
#globalwarming;climate;environment;;;;;;;;
#LizTruss;politics;news_politics;;;;;;;;
#Parliament;politics;news_politics;;;;;;;;
#Wordle304;gaming;entertainment;;;;;;;;
#GeorgeHarrison;music_radio;entertainment;;;;;;;;
#Veganuary;lifestyle;health;;;;;;;;
#ClimateAction;climate;environment;;;;;;;;
#A45;news;news_politics;;;;;;;;
#eduQs;news;news_politics;;;;;;;;
#Mykolaiv;ukraine;west;;;;;;;;
#TLEA21;awards_competition;celebrity;;;;;;;;
#StrictlyComeDancing;tv_cinema;entertainment;;;;;;;;
#RAZOR;sci_tech;sci_tech;;;;;;;;
#Crufts;awards_competition;celebrity;;;;;;;;
#FreddieMercury;music_radio;entertainment;;;;;;;;
#COP26Glasgow;climate;environment;;;;;;;;
#creative;religion;culture;;;;;;;;
#shotsawards;awards_competition;celebrity;;;;;;;;
#StrictlySpoiler;tv_cinema;entertainment;;;;;;;;
#journalism;news;news_politics;;;;;;;;
#Lithuania;local_news;news_politics;;;;;;;;
#Yellowstone;tv_cinema;entertainment;;;;;;;;
#MoneyHeist;tv_cinema;entertainment;;;;;;;;
#TimesChristmasAppeal;news;news_politics;;;;;;;;
#metoffice;news;news_politics;;;;;;;;
#Hastings;local_news;news_politics;;;;;;;;
#TigerKing;tv_cinema;entertainment;;;;;;;;
#OurYorkshireFarm;tv_cinema;entertainment;;;;;;;;
#GVote21;politics;news_politics;;;;;;;;
#Donetsk;ukraine;west;;;;;;;;
#Donbas;ukraine;west;;;;;;;;
#Sweden;local_news;news_politics;;;;;;;;
#BBCOne;tv_cinema;entertainment;;;;;;;;
#LUFC;football;sport;;;;;;;;
#Dubai;local_news;news_politics;;;;;;;;
#Euphoria;tv_cinema;entertainment;;;;;;;;
#HHAwards21;awards_competition;celebrity;;;;;;;;
#GoodMorningBritain;news;news_politics;;;;;;;;
#Spiderman;tv_cinema;entertainment;;;;;;;;
#finance;finance_work;work;;;;;;;;
#AMAs;tv_cinema;entertainment;;;;;;;;
#NovakDjokovic;sports;sport;;;;;;;;
#M5;news;news_politics;;;;;;;;
#AVeryBritishScandal;tv_cinema;entertainment;;;;;;;;
#Evergrande;finance_work;work;;;;;;;;
#FrenchElection;politics;news_politics;;;;;;;;
#Sketch;politics;news_politics;;;;;;;;
#WorldToday;news;news_politics;;;;;;;;
#Nikolaev;ukraine;west;;;;;;;;
#lifelineforfamilies;society;culture;;;;;;;;
#countryfile;tv_cinema;entertainment;;;;;;;;
#ClimateCrisis;climate;environment;;;;;;;;
#PrincePhilip;society;culture;;;;;;;;
#TheTinderSwindler;tv_cinema;entertainment;;;;;;;;
#muslim;religion;culture;;;;;;;;
#UnexpectedGuest;tv_cinema;entertainment;;;;;;;;
#InterTorino;football;sport;;;;;;;;
#TalkTV;tv_cinema;entertainment;;;;;;;;
#Wellingborough;news;news_politics;;;;;;;;
#mentalhealth;society;culture;;;;;;;;
#Crimea;ukraine;west;;;;;;;;
#insolvency;finance_work;work;;;;;;;;
#WorldNews;news;news_politics;;;;;;;;
#EasternExpress;ukraine;west;;;;;;;;
#Ukraine️;ukraine;west;;;;;;;;
#BolognaInter;football;sport;;;;;;;;
#shopping;local_news;news_politics;;;;;;;;
#GBAA21;society;culture;;;;;;;;
#Tunisian;local_news;news_politics;;;;;;;;
#Vera;tv_cinema;entertainment;;;;;;;;
#LocalElections2022;politics;news_politics;;;;;;;;
#funerals;lifestyle;health;;;;;;;;
#MickeyMouseFunhouse;tv_cinema;entertainment;;;;;;;;
#PiersMorgan;tv_cinema;entertainment;;;;;;;;
#ArchiveArticles;ukraine;west;;;;;;;;
#ITFC;football;sport;;;;;;;;
#Hyde;news;news_politics;;;;;;;;
#vaccine;covid;health;;;;;;;;
#UkraineRussiaCrisis;ukraine;west;;;;;;;;
#sustainability;society;culture;;;;;;;;
#ValentinesDay2022;society;culture;;;;;;;;
#SpeziaInter;football;sport;;;;;;;;
#AFCON2021;football;sport;;;;;;;;
#FTfreetoday;finance_work;work;;;;;;;;
#OSCE;ukraine;west;;;;;;;;
#ILikeToWatch;tv_cinema;entertainment;;;;;;;;
#Belarusian;ukraine;west;;;;;;;;
#savings;finance_work;work;;;;;;;;
#Batumi;local_news;news_politics;;;;;;;;
#Biden;politics;news_politics;;;;;;;;
#RIP;society;culture;;;;;;;;
#Top100DJs;music_radio;entertainment;;;;;;;;
#CulturalCapital;tv_cinema;entertainment;;;;;;;;
#BrexitBritain;politics;news_politics;;;;;;;;
#market;lifestyle;health;;;;;;;;
#DoctorStrangeInTheMultiverseOfMadness;tv_cinema;entertainment;;;;;;;;
#SpideyAndHisAmazingFriends;tv_cinema;entertainment;;;;;;;;
#TheResponder;tv_cinema;entertainment;;;;;;;;
#Wordle307;gaming;entertainment;;;;;;;;
#UKCHINA50;politics;news_politics;;;;;;;;
#DataCapital;covid;health;;;;;;;;
#SPOTY;sports;sport;;;;;;;;
#African;local_news;news_politics;;;;;;;;
#ZeroWasteChallenge;climate;environment;;;;;;;;
#Belarus;politics;news_politics;;;;;;;;
#ArmUkraineNow;ukraine;west;;;;;;;;
#culture;society;culture;;;;;;;;
#InterVenezia;football;sport;;;;;;;;
#NTAs2021;tv_cinema;entertainment;;;;;;;;
#communitystars;awards_competition;celebrity;;;;;;;;
#Health;lifestyle;health;;;;;;;;
#Finantari;politics;news_politics;;;;;;;;
#Wordle282;gaming;entertainment;;;;;;;;
#TeamUK;sports;sport;;;;;;;;
#Hotspots;tv_cinema;entertainment;;;;;;;;
#IranDaily;middle_east;east;;;;;;;;
#dogs;lifestyle;health;;;;;;;;
#CanaryAmplify;politics;news_politics;;;;;;;;
#PlantBased;lifestyle;health;;;;;;;;
#covid19;covid;health;;;;;;;;
#LondonLive;tv_cinema;entertainment;;;;;;;;
#ILikeToWatchUK;tv_cinema;entertainment;;;;;;;;
#punkitaliano;music_radio;entertainment;;;;;;;;
#TheMaskedSingerUK;tv_cinema;entertainment;;;;;;;;
#BGT;tv_cinema;entertainment;;;;;;;;
#sgi;climate;environment;;;;;;;;
#PrideOfBritain;society;culture;;;;;;;;
#fintech;sci_tech;sci_tech;;;;;;;;
#news;news;news_politics;;;;;;;;
#Europe;politics;news_politics;;;;;;;;
#cooperative;news;news_politics;;;;;;;;
#LoveIsBlind;tv_cinema;entertainment;;;;;;;;
#NordStream2;ukraine;west;;;;;;;;
#LifeScience;sci_tech;sci_tech;;;;;;;;
#FunnyGirl;tv_cinema;entertainment;;;;;;;;
#banks;finance_work;work;;;;;;;;
#WAFC;sports;sport;;;;;;;;
#crypto;sci_tech;sci_tech;;;;;;;;
#gardening;lifestyle;health;;;;;;;;
#HenryCavill;tv_cinema;entertainment;;;;;;;;
#TheBookOfBobaFett;tv_cinema;entertainment;;;;;;;;
#ZaraTindall;sports;sport;;;;;;;;
#NazaninZaghariRatcliffe;politics;news_politics;;;;;;;;
#bbcbreakfast;tv_cinema;entertainment;;;;;;;;
#procurement;politics;news_politics;;;;;;;;
#police;society;culture;;;;;;;;
#Slovenia;local_news;news_politics;;;;;;;;
#cash;awards_competition;celebrity;;;;;;;;
#Vaccine;covid;health;;;;;;;;
#trustinallah;religion;culture;;;;;;;;
#CapeFear;tv_cinema;entertainment;;;;;;;;
#glasgow;local_news;news_politics;;;;;;;;
#Shetland;local_news;news_politics;;;;;;;;
#TheExpanse;tv_cinema;entertainment;;;;;;;;
#KayBurley;news;news_politics;;;;;;;;
#Chelsea;football;sport;;;;;;;;
#TheMasters;sports;sport;;;;;;;;
#MAFS;tv_cinema;entertainment;;;;;;;;
#Antarctica;sci_tech;sci_tech;;;;;;;;
#presidentielles2022;politics;news_politics;;;;;;;;
#prideofbirmingham;awards_competition;celebrity;;;;;;;;
#BTW21;politics;news_politics;;;;;;;;
#hospitality;society;culture;;;;;;;;
#property;finance_work;work;;;;;;;;
#CoronationStreet;tv_cinema;entertainment;;;;;;;;
#Covid19;covid;health;;;;;;;;
#Election2021;politics;news_politics;;;;;;;;
#NASA;sci_tech;sci_tech;;;;;;;;
#discounts;finance_work;work;;;;;;;;
#Breakfast;tv_cinema;entertainment;;;;;;;;
#ThisIsGoingToHurt;tv_cinema;entertainment;;;;;;;;
#OperationBrock;news;news_politics;;;;;;;;
#OwenPaterson;politics;news_politics;;;;;;;;
#Dukinfield;news;news_politics;;;;;;;;
#TheReader;news;news_politics;;;;;;;;
#SouthEastScotland;finance_work;work;;;;;;;;
#CyberMonday;sci_tech;sci_tech;;;;;;;;
#Lebanon;middle_east;east;;;;;;;;
#GrahamNortonShow;tv_cinema;entertainment;;;;;;;;
#CobraKaiSeason4;tv_cinema;entertainment;;;;;;;;
#Tehran;middle_east;east;;;;;;;;
#cop26;climate;environment;;;;;;;;
#wills;society;culture;;;;;;;;
#SaturdayMorning;tv_cinema;entertainment;;;;;;;;
#GrammyAwards;music_radio;entertainment;;;;;;;;
#Audenshaw;local_news;news_politics;;;;;;;;
#TVPWorld;news;news_politics;;;;;;;;
#civilians;news;news_politics;;;;;;;;
#edselctte;politics;news_politics;;;;;;;;
#TheMatrixResurrections;tv_cinema;entertainment;;;;;;;;
#QuestionofSport;tv_cinema;entertainment;;;;;;;;
#pollution;climate;environment;;;;;;;;
#competition;awards_competition;celebrity;;;;;;;;
#VolodymyrZelensky;ukraine;west;;;;;;;;
#winterbreak;lifestyle;health;;;;;;;;
#frontpage;news;news_politics;;;;;;;;
#cleaningtips;lifestyle;health;;;;;;;;
#InterSantaClues;gaming;entertainment;;;;;;;;
#Blackpool;local_news;news_politics;;;;;;;;
#MontyDon;lifestyle;health;;;;;;;;
#LawAndOrder;tv_cinema;entertainment;;;;;;;;
#imacelebrity;tv_cinema;entertainment;;;;;;;;
#UK;local_news;news_politics;;;;;;;;
#Coronavirus;covid;health;;;;;;;;
#AttitudeAwards;awards_competition;celebrity;;;;;;;;
#ABBAVoyage;music_radio;entertainment;;;;;;;;
#DoctorWho;tv_cinema;entertainment;;;;;;;;
#sanctions;ukraine;west;;;;;;;;
#COP26BBC;climate;environment;;;;;;;;
#DUP;politics;news_politics;;;;;;;;
#UCL;football;sport;;;;;;;;
#RemembranceDay;society;culture;;;;;;;;
#EnergyBills;finance_work;work;;;;;;;;
#Falkirk;lifestyle;health;;;;;;;;
#legaladvice;finance_work;work;;;;;;;;
#shoplocal;awards_competition;celebrity;;;;;;;;
#Caribbean;local_news;news_politics;;;;;;;;
#GentlemanJack;tv_cinema;entertainment;;;;;;;;
#Furthereducation;finance_work;work;;;;;;;;
#Airtravel;sci_tech;sci_tech;;;;;;;;
#thismorning;tv_cinema;entertainment;;;;;;;;
#NewYear;lifestyle;health;;;;;;;;
#Radio2;music_radio;entertainment;;;;;;;;
#world;music_radio;entertainment;;;;;;;;
#SATC;tv_cinema;entertainment;;;;;;;;
#funeralplanning;lifestyle;health;;;;;;;;
#Norway;local_news;news_politics;;;;;;;;
#WillSmith;tv_cinema;entertainment;;;;;;;;
#Gabes;news;news_politics;;;;;;;;
#DavidAmess;politics;news_politics;;;;;;;;
#ukpolitics;politics;news_politics;;;;;;;;
#Syria;middle_east;east;;;;;;;;
#PrincessDiana;society;culture;;;;;;;;
#Portugal;local_news;news_politics;;;;;;;;
#Sheerness;news;news_politics;;;;;;;;
#Kramatorsk;ukraine;west;;;;;;;;
#MeghanMarkle;society;culture;;;;;;;;
#InnovationActionChange;sci_tech;sci_tech;;;;;;;;
#Beirut;politics;news_politics;;;;;;;;
#dancingonice;tv_cinema;entertainment;;;;;;;;
#USOpen;sports;sport;;;;;;;;
#Swansea;local_news;news_politics;;;;;;;;
#energybills;finance_work;work;;;;;;;;
#Japan;local_news;news_politics;;;;;;;;
#Irpen;ukraine;west;;;;;;;;
#CPC21;politics;news_politics;;;;;;;;
#Mossley;local_news;news_politics;;;;;;;;
#Reshuffle;politics;news_politics;;;;;;;;
#BorisJohnson;politics;news_politics;;;;;;;;
#strictlyspoiler;tv_cinema;entertainment;;;;;;;;
#Vegan;lifestyle;health;;;;;;;;
#staycation;lifestyle;health;;;;;;;;
#Newington;local_news;news_politics;;;;;;;;
#Chile;local_news;news_politics;;;;;;;;
#London;local_news;news_politics;;;;;;;;
#Wordle318;gaming;entertainment;;;;;;;;
#COVID19;covid;health;;;;;;;;
#training;lifestyle;health;;;;;;;;
#Newham;local_news;news_politics;;;;;;;;
#DoingDataBetter;sci_tech;sci_tech;;;;;;;;
#deathinparadise;tv_cinema;entertainment;;;;;;;;
#1883TV;tv_cinema;entertainment;;;;;;;;
#PosturiVacante;finance_work;work;;;;;;;;
#agencyoftheyear;awards_competition;celebrity;;;;;;;;
#Weather;news;news_politics;;;;;;;;
#PublicServiceMedia;tv_cinema;entertainment;;;;;;;;
#TTGTOP50;awards_competition;celebrity;;;;;;;;
#fullfibre;sci_tech;sci_tech;;;;;;;;
#Lautaro;football;sport;;;;;;;;
#BargainHunt;tv_cinema;entertainment;;;;;;;;
#escapetothechateau;tv_cinema;entertainment;;;;;;;;
#nobelpeaceprize2021;awards_competition;celebrity;;;;;;;;
#Iraqi;middle_east;east;;;;;;;;
#LevellingUp;politics;news_politics;;;;;;;;
#Eurovision;music_radio;entertainment;;;;;;;;
#contractari;news;news_politics;;;;;;;;
#PopeFrancis;religion;culture;;;;;;;;
#NextJamesBond;tv_cinema;entertainment;;;;;;;;
#TOLOnews;news;news_politics;;;;;;;;
#ncis;tv_cinema;entertainment;;;;;;;;
#Chernobyl;ukraine;west;;;;;;;;
#TheLeaderPodcast;music_radio;entertainment;;;;;;;;
#retirement;finance_work;work;;;;;;;;
#health;lifestyle;health;;;;;;;;
#TikTok;sci_tech;sci_tech;;;;;;;;
#yorkshire;local_news;news_politics;;;;;;;;
#PCR;covid;health;;;;;;;;
#crime;news;news_politics;;;;;;;;
#NicolaSturgeon;politics;news_politics;;;;;;;;
#therepairshop;tv_cinema;entertainment;;;;;;;;
#ParliamentaryElections;politics;news_politics;;;;;;;;
#JustTransition;sci_tech;sci_tech;;;;;;;;
#Music;music_radio;entertainment;;;;;;;;
#Southwark;local_news;news_politics;;;;;;;;
#BritAwards;awards_competition;celebrity;;;;;;;;
#Doncaster;local_news;news_politics;;;;;;;;
#Borodyanka;ukraine;west;;;;;;;;
#london;local_news;news_politics;;;;;;;;
#AFF;lifestyle;health;;;;;;;;
#Eggheads;tv_cinema;entertainment;;;;;;;;
#gaelic;awards_competition;celebrity;;;;;;;;
#Southend;local_news;news_politics;;;;;;;;
#Tunisia;local_news;news_politics;;;;;;;;
#Harrogate;finance_work;work;;;;;;;;
#WhoCaresWins;tv_cinema;entertainment;;;;;;;;
#employee;finance_work;work;;;;;;;;
#nutrition;lifestyle;health;;;;;;;;
#FreeBritney;music_radio;entertainment;;;;;;;;
#Swans;sports;sport;;;;;;;;
#nature;local_news;news_politics;;;;;;;;
#valentine;awards_competition;celebrity;;;;;;;;
#Lorraine;tv_cinema;entertainment;;;;;;;;
#TTGLuxuryAwards;awards_competition;celebrity;;;;;;;;
#SirDavidAmess;politics;news_politics;;;;;;;;
#EmilyInParis;tv_cinema;entertainment;;;;;;;;
#ICYMI;news;news_politics;;;;;;;;
#Wordle280;gaming;entertainment;;;;;;;;
#CarabaoCup;football;sport;;;;;;;;
#Djokovic;covid;health;;;;;;;;
#quoteart;religion;culture;;;;;;;;
#DowntonAbbey2;tv_cinema;entertainment;;;;;;;;
#ISIS;religion;culture;;;;;;;;
#vera;tv_cinema;entertainment;;;;;;;;
#LastNightInSoho;tv_cinema;entertainment;;;;;;;;
#NCIS;tv_cinema;entertainment;;;;;;;;
#border;politics;news_politics;;;;;;;;
#My5;tv_cinema;entertainment;;;;;;;;
#construction;finance_work;work;;;;;;;;
#Daily;music_radio;entertainment;;;;;;;;
#Scotland;local_news;news_politics;;;;;;;;
#RoyalFamily;society;culture;;;;;;;;
#homeoffice;lifestyle;health;;;;;;;;
#TheWitcher;tv_cinema;entertainment;;;;;;;;
#UKWeather;news;news_politics;;;;;;;;
#InterAtalanta;football;sport;;;;;;;;
#Queen;society;culture;;;;;;;;
#GermanyDecides;politics;news_politics;;;;;;;;
#CISPOTY;awards_competition;celebrity;;;;;;;;
#EnergyPrices;finance_work;work;;;;;;;;
#vonderLeyen;politics;news_politics;;;;;;;;
#interiordesign;lifestyle;health;;;;;;;;
#TravelIndustryAwards;awards_competition;celebrity;;;;;;;;
#Spain;local_news;news_politics;;;;;;;;
#RussianAggression;ukraine;west;;;;;;;;
#BosniaHerzegovina;local_news;news_politics;;;;;;;;
#Wordle320;gaming;entertainment;;;;;;;;
#RussiaInvadedUkraine;ukraine;west;;;;;;;;
#UNM;news;news_politics;;;;;;;;
#Berdyansk;ukraine;west;;;;;;;;
#UAE;news;news_politics;;;;;;;;
#BBCStrictly;tv_cinema;entertainment;;;;;;;;
#AltTop100DJs;music_radio;entertainment;;;;;;;;
#BBCNIdebate;news;news_politics;;;;;;;;
#Falklands;society;culture;;;;;;;;
#OUterHebs;awards_competition;celebrity;;;;;;;;
#MakeRoomOutside;lifestyle;health;;;;;;;;
#royals;society;culture;;;;;;;;
#Saakashvili;ukraine;west;;;;;;;;
#Morbius;tv_cinema;entertainment;;;;;;;;
#Azovstal;ukraine;west;;;;;;;;
#Oprah;tv_cinema;entertainment;;;;;;;;
#Film;tv_cinema;entertainment;;;;;;;;
#InterEmpoli;football;sport;;;;;;;;
#TheBatman;tv_cinema;entertainment;;;;;;;;
#Eastbourne;local_news;news_politics;;;;;;;;
#strictly;tv_cinema;entertainment;;;;;;;;
#NFFC;football;sport;;;;;;;;
#Iraq;middle_east;east;;;;;;;;
#FTSE100;finance_work;work;;;;;;;;
#T20WorldCup;sports;sport;;;;;;;;
#OneDirection;music_radio;entertainment;;;;;;;;
#bass;music_radio;entertainment;;;;;;;;
#Analysis;politics;news_politics;;;;;;;;
#careers;finance_work;work;;;;;;;;
#Liverpool;local_news;news_politics;;;;;;;;
#oscars;tv_cinema;entertainment;;;;;;;;
#HealthyDiet;lifestyle;health;;;;;;;;
#SassuoloInter;football;sport;;;;;;;;
#AcrossTheBalkans;local_news;news_politics;;;;;;;;
#MoneyHeist5;tv_cinema;entertainment;;;;;;;;
#Tesco;finance_work;work;;;;;;;;
#PS5;gaming;entertainment;;;;;;;;
#Slovakia;local_news;news_politics;;;;;;;;
#Kennington;local_news;news_politics;;;;;;;;
#Haverfordwest;local_news;news_politics;;;;;;;;
#ForbesGeorgia;finance_work;work;;;;;;;;
#election;politics;news_politics;;;;;;;;
#RLHAwards2021;awards_competition;celebrity;;;;;;;;
#FridaySermon;tv_cinema;entertainment;;;;;;;;
#SNL;tv_cinema;entertainment;;;;;;;;
#TrafficAlert;news;news_politics;;;;;;;;
#JamesMartin;tv_cinema;entertainment;;;;;;;;
#wine;lifestyle;health;;;;;;;;
#BridgertonNetflix;tv_cinema;entertainment;;;;;;;;
#Airbus;sci_tech;sci_tech;;;;;;;;
#funk;music_radio;entertainment;;;;;;;;
#Wordle308;gaming;entertainment;;;;;;;;
#Emmys2021;tv_cinema;entertainment;;;;;;;;
#Scholz;ukraine;west;;;;;;;;
#omicron;covid;health;;;;;;;;
#MAFSAUS;tv_cinema;entertainment;;;;;;;;
#SMEs;finance_work;work;;;;;;;;
#FTGA2021;awards_competition;celebrity;;;;;;;;
#NoReturn;tv_cinema;entertainment;;;;;;;;
#SkyGlass;tv_cinema;entertainment;;;;;;;;
#TheBlacklist;tv_cinema;entertainment;;;;;;;;
#AllCreaturesGreatAndSmall;tv_cinema;entertainment;;;;;;;;
#RiadSalameh;finance_work;work;;;;;;;;
#tippingpoint;tv_cinema;entertainment;;;;;;;;
#polotimes;sports;sport;;;;;;;;
#MichaelMosley;tv_cinema;entertainment;;;;;;;;
#Zelensky;ukraine;west;;;;;;;;
#EU;politics;news_politics;;;;;;;;
#Nottinghamshire;news;news_politics;;;;;;;;
#GlasgowChamps;awards_competition;celebrity;;;;;;;;
#Libya;local_news;news_politics;;;;;;;;
#cybersecurity;sci_tech;sci_tech;;;;;;;;
#MUFC;football;sport;;;;;;;;
#rugby;sports;sport;;;;;;;;
#BlackHistoryMonth;society;culture;;;;;;;;
#SkillUpStepUp;news;news_politics;;;;;;;;
#Fatherofthebride;tv_cinema;entertainment;;;;;;;;
#KelvinsBigFarmingAdventure;tv_cinema;entertainment;;;;;;;;
#Ramadan;religion;culture;;;;;;;;
#WFH;society;culture;;;;;;;;
#Apprentice;tv_cinema;entertainment;;;;;;;;
#surf;tv_cinema;entertainment;;;;;;;;
#IBCFacts;tv_cinema;entertainment;;;;;;;;
#Edinburgh;local_news;news_politics;;;;;;;;
#saddlers;football;sport;;;;;;;;
#ImACeleb;tv_cinema;entertainment;;;;;;;;
#traffic;news;news_politics;;;;;;;;
#FlyTheFlag;middle_east;east;;;;;;;;
#Gogglebox;tv_cinema;entertainment;;;;;;;;
#Kharkov;ukraine;west;;;;;;;;
#FreePalestine;middle_east;east;;;;;;;;
#NewZealand;society;culture;;;;;;;;
#SuperBowl;football;sport;;;;;;;;
#gogglebox;tv;entertainment;;;;;;;;
#DuchessofCambridge;society;culture;;;;;;;;
#Algeria;middle_east;east;;;;;;;;
#RiskManagement;work;work;;;;;;;;
#PiratesOfTheCaribbean;tv;entertainment;;;;;;;;
#Hungerford;society;culture;;;;;;;;
#InterXLenovo;sci_tech;sci_tech;;;;;;;;
#WhatsApp;sci_tech;sci_tech;;;;;;;;
#Bridgerton;tv;entertainment;;;;;;;;
#LoveEastLothian;society;culture;;;;;;;;
#theatre;society;culture;;;;;;;;
#Afghanistan;middle_east;east;;;;;;;;
#SabbathSchool;middle_east;east;;;;;;;;
#downingstreetbriefing;news;news_politics;;;;;;;;
#OzarkSeason4;tv;entertainment;;;;;;;;
#InterVerona;football;sport;;;;;;;;
#911Anniversary;middle_east;east;;;;;;;;
#M20;sci_tech;sci_tech;;;;;;;;
#brits2022;awards;celebrity;;;;;;;;
#sports;football;sport;;;;;;;;
#foodpoverty;society;culture;;;;;;;;
#music;music;entertainment;;;;;;;;
#bbc;news;news_politics;;;;;;;;
#Storiesofourtimes;news;news_politics;;;;;;;;
#HomesUnderTheHammer;tv;entertainment;;;;;;;;
#ShakhtarInter;football;sport;;;;;;;;
#divorce;society;culture;;;;;;;;
#Rivne;ukraine;west;;;;;;;;
#ItsDerbyTime;football;sport;;;;;;;;
#insurance;society;culture;;;;;;;;
#DataConf21;sci_tech;sci_tech;;;;;;;;
#BlueOrigin;sci_tech;sci_tech;;;;;;;;
#TTGTop50;awards;celebrity;;;;;;;;
#Ukrainianrefugees;ukraine;west;;;;;;;;
#PrinceWilliam;society;culture;;;;;;;;
#architecture;society;culture;;;;;;;;
#Stuttgart;society;culture;;;;;;;;
#startups;sci_tech;sci_tech;;;;;;;;
#defence;ukraine;west;;;;;;;;
#Zelenskiy;ukraine;west;;;;;;;;
#emmerdale;tv;entertainment;;;;;;;;
#Baltics;society;culture;;;;;;;;
#DailyClimateShow;tv;entertainment;;;;;;;;
#DAFC;football;sport;;;;;;;;
#recruitment;work;work;;;;;;;;
#ad;society;culture;;;;;;;;
#TVPlayer;tv;entertainment;;;;;;;;
#MasterChef;tv;entertainment;;;;;;;;
#Camberwell;society;culture;;;;;;;;
#MirrorChristmasAppeal;society;culture;;;;;;;;
#farming;work;work;;;;;;;;
#SilentWitness;society;culture;;;;;;;;
#corrie;tv;entertainment;;;;;;;;
#Oscar;awards;celebrity;;;;;;;;
#SupercoppaFrecciarossa;football;sport;;;;;;;;
#ShangChi;tv;entertainment;;;;;;;;
#XboxSeriesX;sci_tech;sci_tech;;;;;;;;
#EastLothian;society;culture;;;;;;;;
#SueGrayReport;news;news_politics;;;;;;;;
#Coops;society;culture;;;;;;;;
#Wordle303;society;culture;;;;;;;;
#Syrian;middle_east;east;;;;;;;;
#Fosters;society;culture;;;;;;;;
#NationalInsurance;society;culture;;;;;;;;
#Fire;news;news_politics;;;;;;;;
#COVID;covid;health;;;;;;;;
#lowalcohol;society;culture;;;;;;;;
#lebanon;middle_east;east;;;;;;;;
#ReadyToMingle;tv;entertainment;;;;;;;;
#Hollyoaks;tv;entertainment;;;;;;;;
#WaveEnergy;sci_tech;sci_tech;;;;;;;;
#ManCity;football;sport;;;;;;;;
#UkraineInvasion;ukraine;west;;;;;;;;
#RussianFederation;ukraine;west;;;;;;;;
#Fife;society;culture;;;;;;;;
#Grantchester;society;culture;;;;;;;;
#McDonalds;work;work;;;;;;;;
#WHO;covid;health;;;;;;;;
#Moldova;society;culture;;;;;;;;
#program;sci_tech;sci_tech;;;;;;;;
#Croatia;society;culture;;;;;;;;
#Britain;society;culture;;;;;;;;
#financialplanning;society;culture;;;;;;;;
#Angajari;work;work;;;;;;;;
#Tokyo2020;society;culture;;;;;;;;
#UkraineWar;ukraine;west;;;;;;;;
#Wordle287;society;culture;;;;;;;;
#Cornwall;society;culture;;;;;;;;
#corpcommsawards;awards;celebrity;;;;;;;;
#Yemen;middle_east;east;;;;;;;;
#wieszwięcej;ukraine;west;;;;;;;;
#Bradford;society;culture;;;;;;;;
#Scream;tv;entertainment;;;;;;;;
#weather;society;culture;;;;;;;;
#ScotlandFintechFestival;sci_tech;sci_tech;;;;;;;;
#WWII;society;culture;;;;;;;;
#youtube;sci_tech;sci_tech;;;;;;;;
#GameOfThrones;tv;entertainment;;;;;;;;
#InterReal;football;sport;;;;;;;;
#SocialCare;society;culture;;;;;;;;
#TippingPoint;society;culture;;;;;;;;
#APlaceInTheSun;tv;entertainment;;;;;;;;
#IHBP21;sci_tech;sci_tech;;;;;;;;
#Spencer;tv;entertainment;;;;;;;;
#MOD;ukraine;west;;;;;;;;
#Channel4;tv;entertainment;;;;;;;;
#InterShakhtar;football;sport;;;;;;;;
#Siberia;ukraine;west;;;;;;;;
#SASWhoDaresWins;tv;entertainment;;;;;;;;
#doncasterisgreat;society;culture;;;;;;;;
#UniversalCredit;society;culture;;;;;;;;
#Kuleba;ukraine;west;;;;;;;;
#Odesa;ukraine;west;;;;;;;;
#Colston4;news;news_politics;;;;;;;;
#RespectProtectEnjoy;society;culture;;;;;;;;
#BROTHERSOFTHEWORLD;society;culture;;;;;;;;
#YOUSEASON3;tv;entertainment;;;;;;;;
#inclusion;society;culture;;;;;;;;
#space;sci_tech;sci_tech;;;;;;;;
#Easter2022;society;culture;;;;;;;;
#IMF;society;culture;;;;;;;;
#Google;sci_tech;sci_tech;;;;;;;;
#bargainhunt;tv;entertainment;;;;;;;;
#jamesbond;tv;entertainment;;;;;;;;
#Arctic;sci_tech;sci_tech;;;;;;;;
#IWD2022;society;culture;;;;;;;;
#LesbianVisibilityWeek;society;culture;;;;;;;;
#Geneva;society;culture;;;;;;;;
#thecrown;society;culture;;;;;;;;
#USA;society;culture;;;;;;;;
#Irpin;ukraine;west;;;;;;;;
#fitness;football;sport;;;;;;;;
#Ad;society;culture;;;;;;;;
#OTD;football;sport;;;;;;;;
#Environment;sci_tech;sci_tech;;;;;;;;
#Pentagon;news;news_politics;;;;;;;;
#musculardevelopment;society;culture;;;;;;;;
#jonathanross;tv;entertainment;;;;;;;;
#Kendal;society;culture;;;;;;;;
#HolidaysAreComing;society;culture;;;;;;;;
#VikingsValhalla;tv;entertainment;;;;;;;;
#SME;sci_tech;sci_tech;;;;;;;;
#fire;news;news_politics;;;;;;;;
#WheelOfTime;tv;entertainment;;;;;;;;
#Labour;news;news_politics;;;;;;;;
#Twitter;sci_tech;sci_tech;;;;;;;;
#jobs;work;work;;;;;;;;
#NewYork;society;culture;;;;;;;;
#ElonMusk;sci_tech;sci_tech;;;;;;;;
#ComfortEatingPod;tv;entertainment;;;;;;;;
#openday;society;culture;;;;;;;;
#Barella;football;sport;;;;;;;;
#festival;society;culture;;;;;;;;
#SalernitanaInter;football;sport;;;;;;;;
#SmartMeters;sci_tech;sci_tech;;;;;;;;
#FantasticBeasts;tv;entertainment;;;;;;;;
#Ramadan2022;middle_east;east;;;;;;;;
#ArtificialIntelligence;sci_tech;sci_tech;;;;;;;;
#propertytips;society;culture;;;;;;;;
#GoldRush;society;culture;;;;;;;;
#RussiaUkraineWar;ukraine;west;;;;;;;;
#TheLastKingdom5;tv;entertainment;;;;;;;;
#ABBA;music;entertainment;;;;;;;;
#APlaceintheSun;tv;entertainment;;;;;;;;
#LaPalma;society;culture;;;;;;;;
#SabinaNessa;society;culture;;;;;;;;
#estonia;society;culture;;;;;;;;
#stackseaburn;society;culture;;;;;;;;
#WatchOnDisneyJunior;tv;entertainment;;;;;;;;
#SussexApprenticeAwards21;awards;celebrity;;;;;;;;
#AlecBaldwin;society;culture;;;;;;;;
#DinoRanch;tv;entertainment;;;;;;;;
#Jamaica;society;culture;;;;;;;;
#SpiderManNoWayHome;tv;entertainment;;;;;;;;
#PrincessAnne;society;culture;;;;;;;;
#JDCymruPremier;football;sport;;;;;;;;
#InvictusGames;society;culture;;;;;;;;
#TheMaskedSinger;tv;entertainment;;;;;;;;
#WeeklyClimateShow;sci_tech;sci_tech;;;;;;;;
#CareersWeek;work;work;;;;;;;;
#TheDogHouse;tv;entertainment;;;;;;;;
#MorningLive;news;news_politics;;;;;;;;
#art;society;culture;;;;;;;;
#Handanovic;football;sport;;;;;;;;
#Germany;society;culture;;;;;;;;
#EmpoliInter;football;sport;;;;;;;;
#Tallinn;ukraine;west;;;;;;;;
#VeneziaInter;football;sport;;;;;;;;
#Cumbria;society;culture;;;;;;;;
#StopPutin;ukraine;west;;;;;;;;
#celebritymasterchef;tv;entertainment;;;;;;;;
#Gatwick;society;culture;;;;;;;;
#MartinLewis;tv;entertainment;;;;;;;;
#OlivierAwards;awards;celebrity;;;;;;;;
#IWD;society;culture;;;;;;;;
#PMQs;news;news_politics;;;;;;;;
#nofaultdivorce;society;culture;;;;;;;;
#Backstage;society;culture;;;;;;;;
#Israel;middle_east;east;;;;;;;;
#Chloe;society;culture;;;;;;;;
#Taliban;middle_east;east;;;;;;;;
#TVRepublika;tv;entertainment;;;;;;;;
#TheAgenda;society;culture;;;;;;;;
#Elephant;society;culture;;;;;;;;
#vaccination;covid;health;;;;;;;;
#nicolasturgeon;news;news_politics;;;;;;;;
#Finland;ukraine;west;;;;;;;;
#oil;ukraine;west;;;;;;;;
#DIY;society;culture;;;;;;;;
#Peckham;society;culture;;;;;;;;
#GoldenGlobes;awards;celebrity;;;;;;;;
#mutuals;society;culture;;;;;;;;
#digital;sci_tech;sci_tech;;;;;;;;
#Frexit;news;news_politics;;;;;;;;
#OurHouse;society;culture;;;;;;;;
#foodforthesoul;society;culture;;;;;;;;
#InternationalWomensDay2022;society;culture;;;;;;;;
#Traffic;society;culture;;;;;;;;
#Coronation;tv;entertainment;;;;;;;;
#Ukrainians;ukraine;west;;;;;;;;
#family;society;culture;;;;;;;;
#Meta;sci_tech;sci_tech;;;;;;;;
#ESBA2022;awards;celebrity;;;;;;;;
#Netherlands;society;culture;;;;;;;;
#coronationstreet;tv;entertainment;;;;;;;;
#Military;ukraine;west;;;;;;;;
#Swaps;society;culture;;;;;;;;
#readytomingle;tv;entertainment;;;;;;;;
#TheGrandTour;society;culture;;;;;;;;
#Christmas2021;society;culture;;;;;;;;
#brianmay;music;entertainment;;;;;;;;
#facebookdown;sci_tech;sci_tech;;;;;;;;
#upskilling;work;work;;;;;;;;
#Falklands40;news;news_politics;;;;;;;;
#Gvote21;news;news_politics;;;;;;;;
#PandoraPapers;news;news_politics;;;;;;;;
#FacebookDown;sci_tech;sci_tech;;;;;;;;
#investment;society;culture;;;;;;;;
#RussiaUkraineCrisis;ukraine;west;;;;;;;;
#Wordle315;society;culture;;;;;;;;
#homesunderthehammer;tv;entertainment;;;;;;;;
#WorshipHour;music;entertainment;;;;;;;;
#LawyerAwards;awards;celebrity;;;;;;;;
#GhislaineMaxwellTrial;news;news_politics;;;;;;;;
#lockdown;covid;health;;;;;;;;
#booster;covid;health;;;;;;;;
#Hostomel;ukraine;west;;;;;;;;
#EnergyCrisis;ukraine;west;;;;;;;;
#Aldi;society;culture;;;;;;;;
#AppleEvent;sci_tech;sci_tech;;;;;;;;
#BelowDeckMediterranean;tv;entertainment;;;;;;;;
#DerryGirls;tv;entertainment;;;;;;;;
#AllStars6;society;culture;;;;;;;;
#Pembrokeshire;society;culture;;;;;;;;
#Poland;society;culture;;;;;;;;
#Garibashvili;middle_east;east;;;;;;;;
#ClimateCast;sci_tech;sci_tech;;;;;;;;
#AtalantaInter;football;sport;;;;;;;;
#Walworth;society;culture;;;;;;;;
#EEBAFTAs;awards;celebrity;;;;;;;;
#coverinminutes;news;news_politics;;;;;;;;
#explore;society;culture;;;;;;;;
#publicdomain;sci_tech;sci_tech;;;;;;;;
#Mexico;society;culture;;;;;;;;
#StandWithUkriane;ukraine;west;;;;;;;;
#Quote;society;culture;;;;;;;;
#NorthWest;society;culture;;;;;;;;
#marvel;tv;entertainment;;;;;;;;
#Turkish;society;culture;;;;;;;;
#MAFSA;tv;entertainment;;;;;;;;
#InterSheriff;football;sport;;;;;;;;
#BAFTAs;tv;entertainment;;;;;;;;
#recipe;society;culture;;;;;;;;
#Lviv;ukraine;west;;;;;;;;
#5Star;society;culture;;;;;;;;
#debt;society;culture;;;;;;;;
#AlicesWonderlandBakery;tv;entertainment;;;;;;;;
#TalkingPoint;society;culture;;;;;;;;
#TheWheel;society;culture;;;;;;;;
#YellowstoneTV;tv;entertainment;;;;;;;;
#aviation;sci_tech;sci_tech;;;;;;;;
#Belarusians;ukraine;west;;;;;;;;
#journojobs;work;work;;;;;;;;
#NTAs;society;culture;;;;;;;;
#Meribel;society;culture;;;;;;;;
#Zapraszamy;society;culture;;;;;;;;
#Iceland;society;culture;;;;;;;;
#DisneyJunior;tv;entertainment;;;;;;;;
#NewYear2022;society;culture;;;;;;;;
#BAFTAS;tv;entertainment;;;;;;;;
#questionofsport;football;sport;;;;;;;;
#TfL;society;culture;;;;;;;;
#charities;society;culture;;;;;;;;
#BarbraStreisand;tv;entertainment;;;;;;;;
#Hungary;society;culture;;;;;;;;
#BeatTheSqueeze;news;news_politics;;;;;;;;
#Gazprom;ukraine;west;;;;;;;;
#AutumnBudget;society;culture;;;;;;;;
#Washington;society;culture;;;;;;;;
#healthcare;society;culture;;;;;;;;
#imaceleb;tv;entertainment;;;;;;;;
#Education;sci_tech;sci_tech;;;;;;;;
#GTHustings;tv;entertainment;;;;;;;;
#DoctorStrange;tv;entertainment;;;;;;;;
#BeatTheChasers;tv;entertainment;;;;;;;;
#MoneyHeistSeason5;tv;entertainment;;;;;;;;
#DoctorStrange2;tv;entertainment;;;;;;;;
#ThisMorning;society;culture;;;;;;;;
#GrandNational;society;culture;;;;;;;;
#AustralianOpen;society;culture;;;;;;;;
#data;sci_tech;sci_tech;;;;;;;;
#Strictly;society;culture;;;;;;;;
#ExtinctionRebellion;climate;environment;;;;;;;;
#IAEA;sci_tech;sci_tech;;;;;;;;
#NorthEast;society;culture;;;;;;;;
#Kyiv;ukraine;west;;;;;;;;
#StPatricksDay;society;culture;;;;;;;;
#Romania;society;culture;;;;;;;;
#StopRussia;ukraine;west;;;;;;;;
#Borough;society;culture;;;;;;;;
#AllOfUsAreDead;tv;entertainment;;;;;;;;
#Renewables;sci_tech;sci_tech;;;;;;;;
#European;society;culture;;;;;;;;
#WestBerkshire;society;culture;;;;;;;;
#banking;society;culture;;;;;;;;
#VaccineForTheWorld;covid;health;;;;;;;;
#biodiversity;climate;environment;;;;;;;;
#LondonMarathon;society;culture;;;;;;;;
#Article16;news;news_politics;;;;;;;;
#DragRaceUK;society;culture;;;;;;;;
#NorthYorkshire;society;culture;;;;;;;;
#SohoRadioNYC;music;entertainment;;;;;;;;
#investments;society;culture;;;;;;;;
#RAF;sci_tech;sci_tech;;;;;;;;
#BDL;society;culture;;;;;;;;
#LFF;society;culture;;;;;;;;
#CelebsGoDating;tv;entertainment;;;;;;;;
#Kent;society;culture;;;;;;;;
#Taiwan;society;culture;;;;;;;;
#HouseOfGucci;tv;entertainment;;;;;;;;
#Gibraltar;society;culture;;;;;;;;
#WheelerDealers;society;culture;;;;;;;;
#5STAR;society;culture;;;;;;;;
#Deadline;work;work;;;;;;;;
#SaturdayKitchen;tv;entertainment;;;;;;;;
#bakeoff;society;culture;;;;;;;;
#IslamChannel;middle_east;east;;;;;;;;
#ISSSC;football;sport;;;;;;;;
#West;society;culture;;;;;;;;
#LiverpoolInter;football;sport;;;;;;;;
#SpringStatement2022;society;culture;;;;;;;;
#OscarNoms;awards;celebrity;;;;;;;;
#InterJuventus;football;sport;;;;;;;;
#eco;sci_tech;sci_tech;;;;;;;;
#MrsHinch;society;culture;;;;;;;;
#Israeli;middle_east;east;;;;;;;;
#shortlist;society;culture;;;;;;;;
#MTAi;middle_east;east;;;;;;;;
#snow;climate;environment;;;;;;;;
#BelowDeckMed;society;culture;;;;;;;;
#TTGSustainableTravelHeroes;sci_tech;sci_tech;;;;;;;;
#Scarborough;society;culture;;;;;;;;
#Boxing;society;culture;;;;;;;;
#staffwelfare;society;culture;;;;;;;;
#Expats;society;culture;;;;;;;;
#millenials;society;culture;;;;;;;;
#Uncharted;society;culture;;;;;;;;
#protest;society;culture;;;;;;;;
#SouthAfrica;society;culture;;;;;;;;
#MidnightMass;tv;entertainment;;;;;;;;
#CSG21;ukraine;west;;;;;;;;
#Disney;tv;entertainment;;;;;;;;
#Swiss;society;culture;;;;;;;;
#Jordan;middle_east;east;;;;;;;;
#UkraineCrisis;ukraine;west;;;;;;;;
#Lukashenka;ukraine;west;;;;;;;;
#Jobs;work;work;;;;;;;;
#Politics;news;news_politics;;;;;;;;
#sailing;society;culture;;;;;;;;
#IranDailyNewspaper;middle_east;east;;;;;;;;
#Chinese;society;culture;;;;;;;;
#VirginRiver;tv;entertainment;;;;;;;;
#Thread;middle_east;east;;;;;;;;
#periods;society;culture;;;;;;;;
#lifeinsurance;society;culture;;;;;;;;
#IoT;sci_tech;sci_tech;;;;;;;;
#Tellitlikeitis;society;culture;;;;;;;;
#Covid19UK;covid;health;;;;;;;;
#OneStepGreener;climate;environment;;;;;;;;
#climateaction;climate;environment;;;;;;;;
#AsianQualifiers;middle_east;east;;;;;;;;
#StormArwen;news;news_politics;;;;;;;;
#SexEducation;tv;entertainment;;;;;;;;
#French;society;culture;;;;;;;;
#grahamnortonshow;tv;entertainment;;;;;;;;
#UPDATES;society;culture;;;;;;;;
#Zaporizhzhya;ukraine;west;;;;;;;;
#NintendoSwitch;sci_tech;sci_tech;;;;;;;;
#Soviet;ukraine;west;;;;;;;;
#army;ukraine;west;;;;;;;;
#SophieWessex;society;culture;;;;;;;;
#SaudiGreenInitiative;middle_east;east;;;;;;;;
#tufc;football;sport;;;;;;;;
#BankHoliday;society;culture;;;;;;;;
#buyapaper;news;news_politics;;;;;;;;
#beirutexplosion;middle_east;east;;;;;;;;
#inflation;society;culture;;;;;;;;
#Georgia;ukraine;west;;;;;;;;
#Police;society;culture;;;;;;;;
#HistoryShots;society;culture;;;;;;;;
#Quordle;society;culture;;;;;;;;
#DuchessofCornwall;society;culture;;;;;;;;
#GrandDesigns;society;culture;;;;;;;;
#UkraineRussianWar;ukraine;west;;;;;;;;
#holiday;society;culture;;;;;;;;
#AUKUS;news;news_politics;;;;;;;;
#CzechRepublic;society;culture;;;;;;;;
#GPB;society;culture;;;;;;;;
#WhaleyBridge;society;culture;;;;;;;;
#MetGala2022;awards;celebrity;;;;;;;;
#WWFC;football;sport;;;;;;;;
#Essex;society;culture;;;;;;;;
#Polish;society;culture;;;;;;;;
#EconomicCollapse;society;culture;;;;;;;;
#cashback;society;culture;;;;;;;;
#JeremyVine;society;culture;;;;;;;;
#Neighbours;society;culture;;;;;;;;
#Sudan;society;culture;;;;;;;;
#Almaty;society;culture;;;;;;;;
#UkraineUnderAttaсk;ukraine;west;;;;;;;;
#UkraineRussiaWar;ukraine;west;;;;;;;;
#Belgorod;ukraine;west;;;;;;;;
#Mediterranean;society;culture;;;;;;;;
#antiquesroadshow;tv;entertainment;;;;;;;;
#Armenia;society;culture;;;;;;;;
#allcreaturesgreatandsmall;tv;entertainment;;;;;;;;
#Cyprus;society;culture;;;;;;;;
#Bulgaria;society;culture;;;;;;;;
#Grammys;awards;celebrity;;;;;;;;
#invasion;ukraine;west;;;;;;;;
#SNP;society;culture;;;;;;;;
#CanadaWater;society;culture;;;;;;;;
#Cotswolds;society;culture;;;;;;;;
#royalfamily;society;culture;;;;;;;;
#Ripon;society;culture;;;;;;;;
#islamicart;middle_east;east;;;;;;;;
#propertyinvestment;society;culture;;;;;;;;
#ChristmasEve;society;culture;;;;;;;;
#News;news;news_politics;;;;;;;;
#PowerBookII;tv;entertainment;;;;;;;;
#Brits;society;culture;;;;;;;;
#Leeds;society;culture;;;;;;;;
#Lancashire;society;culture;;;;;;;;
#Economy;society;culture;;;;;;;;
#veganuary;society;culture;;;;;;;;
#TheBay;society;culture;;;;;;;;
#NHS;society;culture;;;;;;;;
#YouNetflix;tv;entertainment;;;;;;;;
#Millwall;football;sport;;;;;;;;
#M1;sci_tech;sci_tech;;;;;;;;
#StrictlyFinal;society;culture;;;;;;;;
#en;society;culture;;;;;;;;
#ACGAS;society;culture;;;;;;;;
#Wordle284;society;culture;;;;;;;;
#SheriffInter;football;sport;;;;;;;;
#MidsomerMurders;tv;entertainment;;;;;;;;
#BAFTA2022;tv;entertainment;;;;;;;;
#COP15;sci_tech;sci_tech;;;;;;;;
#AntiquesRoadTrip;society;culture;;;;;;;;
#Affiliates;society;culture;;;;;;;;
#Comment;society;culture;;;;;;;;
#FutureofTheatre;society;culture;;;;;;;;
#SWIFT;ukraine;west;;;;;;;;
#Sunderland;football;sport;;;;;;;;
#AI;sci_tech;sci_tech;;;;;;;;
#Vigil;society;culture;;;;;;;;
#bankruptcy;society;culture;;;;;;;;
#Batman;tv;entertainment;;;;;;;;
#ImolaGP;society;culture;;;;;;;;
#Blinken;news;news_politics;;;;;;;;
#newjobs;work;work;;;;;;;;
#DPR;ukraine;west;;;;;;;;
#MakeAWish;society;culture;;;;;;;;
#FinTech;sci_tech;sci_tech;;;;;;;;
#Qatar;middle_east;east;;;;;;;;
#propertyforsale;society;culture;;;;;;;;
#ScottishBusiness;society;culture;;;;;;;;
#TheDropout;tv;entertainment;;;;;;;;
#TedLasso;society;culture;;;;;;;;
#politics;news;news_politics;;;;;;;;
#JabsArmy;covid;health;;;;;;;;
#Sumy;society;culture;;;;;;;;
#elderly;society;culture;;;;;;;;
#PDin2022;sci_tech;sci_tech;;;;;;;;
#nautical;society;culture;;;;;;;;
#PlanB;climate;environment;;;;;;;;
#climate;climate;environment;;;;;;;;